{
  "timestamp": "2026-05-29T07:28:07.919275+00:00",
  "total_records": 10000000,
  "rounds": 5,
  "results": {
    "1-field GROUP BY (userid, LIMIT 10)": {
      "latencies": [
        130.55777549743652,
        82.8249454498291,
        88.39106559753418,
        89.55097198486328,
        83.40668678283691
      ],
      "min": 82.8249454498291,
      "max": 130.55777549743652,
      "mean": 94.9462890625,
      "median": 88.39106559753418,
      "stdev": 20.12677171641535
    },
    "1-field GROUP BY (searchphrase, LIMIT 10)": {
      "latencies": [
        161.5164279937744,
        79.48851585388184,
        84.70940589904785,
        84.6409797668457,
        87.53085136413574
      ],
      "min": 79.48851585388184,
      "max": 161.5164279937744,
      "mean": 99.57723617553711,
      "median": 84.70940589904785,
      "stdev": 34.746509489872174
    },
    "1-field GROUP BY (service, LIMIT 20)": {
      "latencies": [
        151.93629264831543,
        80.97243309020996,
        85.07585525512695,
        85.87050437927246,
        78.1550407409668
      ],
      "min": 78.1550407409668,
      "max": 151.93629264831543,
      "mean": 96.40202522277832,
      "median": 85.07585525512695,
      "stdev": 31.20206191889121
    },
    "2-field GROUP BY (userid+searchphrase, LIMIT 10)": {
      "latencies": [
        188.5545253753662,
        153.50747108459473,
        152.80795097351074,
        148.31876754760742,
        145.67303657531738
      ],
      "min": 145.67303657531738,
      "max": 188.5545253753662,
      "mean": 157.7723503112793,
      "median": 152.80795097351074,
      "stdev": 17.508143656809874
    },
    "2-field GROUP BY (userid+service, LIMIT 10)": {
      "latencies": [
        159.39092636108398,
        108.85119438171387,
        105.6673526763916,
        110.61620712280273,
        103.71589660644531
      ],
      "min": 103.71589660644531,
      "max": 159.39092636108398,
      "mean": 117.6483154296875,
      "median": 108.85119438171387,
      "stdev": 23.48904646906988
    },
    "2-field GROUP BY (service+method, LIMIT 20)": {
      "latencies": [
        152.63843536376953,
        87.91232109069824,
        97.46885299682617,
        93.09720993041992,
        96.84538841247559
      ],
      "min": 87.91232109069824,
      "max": 152.63843536376953,
      "mean": 105.59244155883789,
      "median": 96.84538841247559,
      "stdev": 26.57323200224028
    },
    "Baseline: GROUP BY non-indexed (response_time buckets)": {
      "latencies": [
        158.96916389465332,
        121.33550643920898,
        115.3421401977539,
        111.15288734436035,
        106.62150382995605
      ],
      "min": 106.62150382995605,
      "max": 158.96916389465332,
      "mean": 122.68424034118652,
      "median": 115.3421401977539,
      "stdev": 20.995861503532634
    }
  }
}